model,Burgers1D,Burgers2D,HeatComplexGeometry,KuramotoSivashinsky,NavierStokes2D
04.18-07.13.52-vanilla_pinn,0.020342288593613846,0.5220967294377443,-,-,-
04.18-10.10.05-pinn_lra,0.08402960949064729,0.44651334732221626,-,-,-
04.18-21.38.01-rar,0.03925070103619542,0.521622945630671,-,-,-
DeepONet,0.066074,0.271757,0.372529,0.902083,0.865800
FNO,0.003438,0.198038,0.037887,0.170549,0.820781
GNOT,0.040300,0.269296,0.116628,1.122753,0.679940
PINO,0.202245,0.257197,0.065940,0.999995,0.903341
