model,Burgers1D,Burgers2D,HeatComplexGeometry,KuramotoSivashinsky,NavierStokes2D
DeepONet,1.008398,1.002538,1.008863,1.003471,1.009123
FNO,1.002115,1.004395,1.004869,0.993062,1.010700
GNOT,1.010959,0.999463,1.000854,1.014895,1.010164
HPIT,0.990537,1.022689,0.999999,1.001631,1.062289
Mamba-NO,1.041315,1.075546,1.263317,1.124755,1.050758
PINO,nan,1.005164,1.002016,1.033244,1.010377
